	Name Last High Low Change %Change Volume Date
	3M	202.44	203.03	199.96	+1.77	+0.88%	2.17M	30/05	 
 	Abbott Labs	45.00	45.10	44.21	+0.29	+0.65%	8.12M	30/05	 
 	AbbVie	66.020	66.200	65.810	-0.040	-0.06%	4.80M	30/05	 
 	Accenture	123.77	123.97	122.35	+0.88	+0.72%	1.37M	30/05	 
 	Activision Blizzard	58.58	58.67	57.77	+0.30	+0.51%	5.04M	30/05	 
 	Acuity Brands	162.78	164.82	161.88	-2.09	-1.27%	902.45K	30/05	 
 	Adobe	142.41	142.56	141.50	+0.52	+0.37%	1.54M	30/05	 
 	ADP	101.53	101.66	100.54	+0.18	+0.18%	1.73M	30/05	 
 	Advance Auto Parts	132.99	135.21	132.77	-1.17	-0.87%	1.54M	30/05	 
 	Aetna	145.55	147.48	145.45	-0.02	-0.01%	1.75M	30/05	 
 	Affiliated Managers	153.02	154.25	152.80	-0.90	-0.58%	508.91K	30/05	 
 	Aflac	75.14	75.34	74.58	+0.30	+0.40%	1.53M	30/05	 
 	Agilent Technologies	60.37	60.48	59.41	+0.86	+1.45%	2.58M	30/05	 
 	AIG	64.10	64.32	63.26	+0.55	+0.87%	6.36M	30/05	 
 	Air Products&Chemicals	143.97	144.30	143.34	+0.06	+0.04%	885.21K	30/05	 
 	Akamai	47.43	47.67	47.05	+0.04	+0.08%	1.62M	30/05	 
 	Alaska Air	85.81	86.83	85.71	-0.81	-0.94%	1.41M	30/05	 
 	Albemarle	112.46	112.89	111.44	-0.40	-0.35%	772.01K	30/05	 
 	Alexion	97.78	98.60	96.84	+0.08	+0.08%	5.60M	30/05	 
 	Allegion PLC	78.46	79.35	78.25	-0.92	-1.16%	855.34K	30/05	 
 	Allergan	222.11	225.09	222.11	-1.01	-0.45%	2.94M	30/05	 
 	Alliance Data Systems	242.15	245.00	241.29	-1.89	-0.77%	609.11K	30/05	 
 	Alliant Energy	41.47	41.49	41.18	+0.11	+0.27%	1.47M	30/05	 
 	Allstate	86.00	86.42	85.99	-0.50	-0.58%	1.13M	30/05	 
 	Alphabet	996.17	997.62	991.36	+2.90	+0.29%	1.52M	30/05	 
 	Alphabet Inc C	975.88	976.20	969.49	+4.41	+0.45%	1.47M	30/05	 
 	Altria	75.07	75.19	74.32	+0.66	+0.89%	6.07M	30/05	 
 	Amazon.com	996.70	1,001.20	995.52	+0.92	+0.09%	3.26M	30/05	 
 	Ameren	56.46	56.57	55.87	+0.31	+0.55%	1.19M	30/05	 
 	American Airlines	47.96	48.58	47.79	-0.78	-1.60%	5.51M	30/05	 
 	American Electric Power	71.21	71.26	70.70	+0.34	+0.48%	2.03M	30/05	 
 	American Express	77.09	77.42	76.99	-0.37	-0.48%	2.07M	30/05	 
 	American Tower	132.12	137.12	130.80	+1.01	+0.77%	2.07M	30/05	 
 	American Water Works	77.77	78.00	77.14	+0.24	+0.31%	840.95K	30/05	 
 	Ameriprise Financial	121.10	122.47	121.10	-1.20	-0.98%	894.21K	30/05	 
 	AmerisourceBergen	91.03	91.39	90.53	+0.03	+0.03%	1.25M	30/05	 
 	Ametek	60.80	60.87	60.42	-0.07	-0.12%	732.38K	30/05	 
 	Amgen	153.85	155.37	153.56	-1.16	-0.75%	2.72M	30/05	 
 	Amphenol	74.88	74.99	74.51	+0.08	+0.11%	969.33K	30/05	 
 	Anadarko Petroleum	50.77	51.53	50.74	-1.07	-2.06%	5.09M	30/05	 
 	Analog Devices	84.80	85.17	83.00	+1.99	+2.40%	6.74M	30/05	 
 	Anthem Inc	183.32	185.00	180.85	+0.24	+0.13%	1.51M	30/05	 
 	Aon	130.71	130.95	129.62	+0.70	+0.54%	902.36K	30/05	 
 	Apache	47.56	48.14	47.25	-0.63	-1.31%	3.78M	30/05	 
 	Apartment Inv. & Manag.	42.92	43.37	42.88	-0.26	-0.60%	2.04M	30/05	 
 	Apple	153.67	154.43	153.33	+0.06	+0.04%	20.13M	30/05	 
 	Applied Materials	45.56	45.74	45.21	+0.06	+0.13%	6.59M	30/05	 
 	Archer-Daniels-Midland	42.11	42.27	42.00	-0.34	-0.80%	1.83M	30/05	 
 	Arconic Inc	27.22	27.46	26.97	-0.20	-0.73%	4.12M	30/05	 
 	Arthur J Gallagher&Co	56.97	57.15	56.55	-0.15	-0.26%	970.79K	30/05	 
 	Assurant	98.55	99.54	98.32	-0.73	-0.74%	387.78K	30/05	 
 	AT&T	38.55	38.68	38.19	+0.43	+1.13%	20.53M	30/05	 
 	Autodesk	113.16	113.66	112.26	+0.13	+0.12%	2.56M	30/05	 
 	AutoNation	39.33	39.81	39.05	+0.06	+0.15%	1.32M	30/05	 
 	AutoZone	612.98	623.97	611.52	-2.64	-0.43%	595.45K	30/05	 
 	AvalonBay	191.32	192.17	190.44	-0.01	-0.01%	811.74K	30/05	 
 	Avery Dennison	84.42	84.63	83.95	+0.13	+0.15%	321.45K	30/05	 
 	Baker Hughes	55.07	55.65	54.62	-0.38	-0.69%	2.32M	30/05	 
 	Ball	40.83	40.90	40.22	+0.24	+0.59%	2.41M	30/05	 
 	Bank of America	22.91	23.21	22.88	-0.33	-1.42%	61.31M	30/05	 
 	Bank of NY Mellon	47.10	47.28	46.84	-0.31	-0.65%	5.54M	30/05	 
 	Baxter	59.35	59.49	58.53	+0.71	+1.21%	2.56M	30/05	 
 	BB&T	42.07	42.39	41.73	-0.49	-1.15%	2.56M	30/05	 
 	Becton Dickinson	188.07	188.48	185.33	+1.59	+0.85%	1.58M	30/05	 
 	Bed Bath&Beyond	34.74	35.03	34.58	-0.11	-0.32%	1.54M	30/05	 
 	Berkshire Hathaway B	165.11	165.87	164.47	-0.58	-0.35%	3.05M	30/05	 
 	Best Buy	59.28	59.82	58.70	+0.31	+0.53%	5.33M	30/05	 
 	Biogen Inc	246.54	251.55	246.34	-4.26	-1.70%	1.37M	30/05	 
 	BlackRock	406.82	408.55	404.74	-0.20	-0.05%	746.53K	30/05	 
 	Boeing	186.88	187.42	186.19	+0.29	+0.16%	2.23M	30/05	 
 	BorgWarner	42.19	42.40	40.83	+1.34	+3.28%	3.18M	30/05	 
 	Boston Properties	120.82	121.81	120.82	-0.53	-0.44%	417.71K	30/05	 
 	Boston Scientific	27.36	27.42	27.15	+0.04	+0.15%	4.10M	30/05	 
 	Bristol-Myers Squibb	53.93	54.24	53.76	-0.04	-0.07%	7.14M	30/05	 
 	Broadcom	239.82	241.39	239.00	-1.39	-0.58%	2.94M	30/05	 
 	Brown Forman	51.46	51.92	51.10	-0.27	-0.52%	842.71K	30/05	 
 	CA	31.90	31.95	31.52	+0.08	+0.25%	1.91M	30/05	 
 	Cabot Oil&Gas	22.46	22.82	22.40	-0.50	-2.18%	3.56M	30/05	 
 	Campbell Soup	57.88	58.78	57.64	-1.08	-1.83%	1.51M	30/05	 
 	Capital One Financial	78.28	79.59	78.23	-1.51	-1.89%	2.36M	30/05	 
 	Cardinal Health	73.55	73.61	72.56	+0.45	+0.62%	1.37M	30/05	 
 	CarMax	63.54	64.87	63.40	-1.18	-1.82%	1.66M	30/05	 
 	Carnival	63.74	64.05	63.25	+0.38	+0.60%	2.22M	30/05	 
 	Caterpillar	105.47	105.86	105.01	-0.19	-0.18%	3.21M	30/05	 
 	CBOE Holdings	86.65	86.88	85.86	+0.02	+0.02%	1.07M	30/05	 
 	CBRE	34.41	34.62	34.14	+0.02	+0.06%	1.38M	30/05	 
 	CBS	61.52	61.77	61.34	-0.05	-0.08%	1.67M	30/05	 
 	Celgene	115.13	116.81	115.06	-1.65	-1.41%	3.47M	30/05	 
 	Centene	73.46	74.69	73.33	-1.11	-1.49%	1.13M	30/05	 
 	CenterPoint Energy	28.39	28.45	28.20	+0.06	+0.21%	1.33M	30/05	 
 	CenturyLink	24.98	25.11	24.65	+0.18	+0.73%	7.54M	30/05	 
 	Cerner	65.43	65.47	64.36	+0.48	+0.74%	2.42M	30/05	 
 	CF Industries	27.91	28.37	27.89	-0.22	-0.78%	2.74M	30/05	 
 	CH Robinson	67.27	67.62	66.60	+0.23	+0.34%	1.61M	30/05	 
 	Charter Communications	338.92	340.00	334.85	+1.48	+0.44%	1.06M	30/05	 
 	Chesapeake Energy	5.100	5.260	5.040	-0.190	-3.59%	38.68M	30/05	 
 	Chevron	104.06	104.71	103.75	-0.66	-0.63%	4.29M	30/05	 
 	Chipotle Mexican Grill	475.70	477.85	472.42	-4.45	-0.93%	607.30K	30/05	 
 	Chubb	141.89	142.17	141.46	-0.35	-0.25%	844.45K	30/05	 
 	Church&Dwight	51.53	51.60	51.06	+0.43	+0.84%	1.58M	30/05	 
 	Cigna	161.50	162.27	161.05	+0.18	+0.11%	1.08M	30/05	 
 	Cimarex Energy	107.68	110.00	107.38	-3.27	-2.95%	1.22M	30/05	 
 	Cincinnati Financial	69.53	69.77	69.14	-0.38	-0.54%	484.21K	30/05	 
 	Cintas	124.75	124.95	123.77	-0.41	-0.33%	333.89K	30/05	 
 	Cisco	31.68	31.81	31.39	+0.18	+0.57%	17.11M	30/05	 
 	Citigroup	61.64	62.07	61.51	-0.43	-0.69%	12.60M	30/05	 
 	Citizens Financial Group Inc	34.25	34.51	34.12	-0.39	-1.13%	6.64M	30/05	 
 	Citrix Systems	82.15	82.44	81.66	-0.34	-0.41%	1.82M	30/05	 
 	Clorox	134.93	135.16	134.31	-0.06	-0.04%	550.14K	30/05	 
 	CME Group	117.20	117.81	116.67	-0.78	-0.66%	930.57K	30/05	 
 	CMS Energy	47.48	47.61	47.25	+0.07	+0.15%	2.11M	30/05	 
 	Coach	46.07	46.71	45.85	-0.26	-0.56%	2.45M	30/05	 
 	Coca-Cola	45.43	45.46	45.11	+0.04	+0.09%	13.09M	30/05	 
 	Cognizant	66.49	66.69	66.29	-0.30	-0.45%	5.08M	30/05	 
 	Colgate-Palmolive	76.09	76.16	75.24	+0.64	+0.85%	4.70M	30/05	 
 	Comcast	41.10	41.64	40.88	+0.19	+0.46%	25.47M	30/05	 
 	Comerica	68.50	68.99	67.87	-0.72	-1.04%	1.75M	30/05	 
 	ConAgra Foods	38.52	38.92	38.30	-0.51	-1.31%	1.75M	30/05	 
 	Concho Resources	129.51	130.21	128.16	-1.77	-1.35%	1.24M	30/05	 
 	ConocoPhillips	44.79	45.09	44.53	-0.56	-1.23%	9.28M	30/05	 
 	Consolidated Edison	82.20	82.39	81.87	+0.10	+0.12%	1.17M	30/05	 
 	Constellation Brands	180.51	181.29	179.49	-0.42	-0.23%	1.42M	30/05	 
 	Cooper	218.20	218.66	216.03	+0.74	+0.34%	293.53K	30/05	 
 	Corning	29.32	29.45	29.22	+0.02	+0.07%	5.91M	30/05	 
 	Costco	178.92	179.39	177.50	+1.06	+0.60%	2.09M	30/05	 
 	Coty Inc	18.87	19.09	18.86	-0.19	-1.00%	3.14M	30/05	 
 	CR Bard	310.03	310.50	307.99	+1.33	+0.43%	843.08K	30/05	 
 	Crown Castle	103.52	103.93	102.62	+0.71	+0.69%	3.05M	30/05	 
 	CSRA Inc	30.22	30.45	30.11	-0.24	-0.79%	802.61K	30/05	 
 	CSX	54.22	54.42	53.81	+0.26	+0.48%	7.62M	30/05	 
 	Cummins	157.34	157.97	156.06	+0.70	+0.45%	1.23M	30/05	 
 	CVS Health Corp	76.77	76.98	76.40	+0.13	+0.17%	5.12M	30/05	 
 	Danaher	84.81	84.95	83.91	+0.41	+0.49%	2.43M	30/05	 
 	Darden Restaurants	87.49	87.90	87.27	-0.46	-0.52%	817.66K	30/05	 
 	DaVita	65.20	65.31	64.36	+0.45	+0.69%	1.40M	30/05	 
 	Deere&Company	122.26	122.65	121.85	-0.53	-0.43%	3.26M	30/05	 
 	Delphi Automotive	86.60	87.48	86.60	-0.90	-1.03%	1.24M	30/05	 
 	Delta Air Lines	49.06	50.59	49.04	-1.74	-3.43%	10.52M	30/05	 
 	DENTSPLY	62.62	62.80	62.31	-0.10	-0.16%	1.70M	30/05	 
 	Devon Energy	34.49	35.47	34.30	-1.33	-3.71%	5.53M	30/05	 
 	Digital	118.00	118.56	117.35	+0.19	+0.16%	580.86K	30/05	 
 	Discover	58.86	59.72	58.84	-0.94	-1.57%	2.89M	30/05	 
 	Discovery	26.20	26.24	25.76	+0.33	+1.28%	3.55M	30/05	 
 	Discovery Communications C	25.53	25.61	24.93	+0.28	+1.11%	983.69K	30/05	 
 	DISH Network	63.63	64.26	62.33	-0.49	-0.76%	1.13M	30/05	 
 	Dollar General	73.02	73.26	71.89	+0.70	+0.97%	2.35M	30/05	 
 	Dollar Tree	78.17	78.99	77.82	-0.11	-0.14%	1.98M	30/05	 
 	Dominion Resources	81.02	81.30	80.69	-0.01	-0.01%	1.88M	30/05	 
 	Dover	83.39	83.53	81.78	+0.89	+1.08%	984.77K	30/05	 
 	Dow Chemical	60.89	61.10	60.61	-0.17	-0.28%	3.97M	30/05	 
 	DR Horton	32.93	33.14	32.65	-0.18	-0.54%	2.03M	30/05	 
 	Dr Pepper Snapple	92.59	93.71	92.33	-0.86	-0.92%	1.17M	30/05	 
 	DTE Energy	109.15	109.49	108.41	+0.27	+0.25%	871.75K	30/05	 
 	Duke Energy	85.41	85.54	84.88	+0.34	+0.40%	2.50M	30/05	 
 	Dun&Bradstreet	104.01	105.28	103.95	-0.99	-0.94%	302.68K	30/05	 
 	DuPont	77.68	77.92	77.40	-0.17	-0.22%	1.38M	30/05	 
 	E-TRADE	34.74	34.99	34.55	-0.34	-0.97%	1.68M	30/05	 
 	Eastman Chemical	79.96	80.11	79.23	+0.05	+0.06%	1.54M	30/05	 
 	Eaton	77.72	77.81	77.12	+0.16	+0.21%	1.02M	30/05	 
 	eBay	34.62	34.83	34.37	-0.28	-0.80%	7.25M	30/05	 
 	Ecolab	131.56	131.65	130.64	+0.26	+0.20%	1.04M	30/05	 
 	Edison	80.67	80.81	79.84	+0.71	+0.89%	1.36M	30/05	 
 	Edwards Lifesciences	114.60	115.09	113.63	+0.35	+0.31%	1.12M	30/05	 
 	Electronic Arts	112.85	112.92	111.64	+0.72	+0.64%	2.36M	30/05	 
 	Eli Lilly	78.35	78.67	77.75	+0.30	+0.38%	3.24M	30/05	 
 	Emerson	58.95	59.15	58.59	+0.03	+0.05%	2.59M	30/05	 
 	Entergy	78.24	78.59	77.55	+0.59	+0.76%	1.04M	30/05	 
 	Envision Healthcare	54.86	55.26	54.43	-0.32	-0.58%	990.43K	30/05	 
 	EOG Resources	89.62	90.79	89.43	-1.60	-1.75%	3.16M	30/05	 
 	EQT	56.00	56.55	55.74	-0.69	-1.22%	2.45M	30/05	 
 	Equifax	136.71	136.88	135.34	+0.28	+0.21%	622.36K	30/05	 
 	Equinix	439.91	442.76	439.79	-1.31	-0.30%	345.44K	30/05	 
 	Equity Residential	65.31	65.47	64.96	+0.14	+0.21%	1.00M	30/05	 
 	Essex Property	255.19	256.72	254.24	-1.11	-0.43%	239.04K	30/05	 
 	Estee Lauder	93.99	94.05	92.85	+0.29	+0.31%	1.02M	30/05	 
 	Eversource Energy	61.48	61.66	61.30	+0.08	+0.13%	908.39K	30/05	 
 	Exelon	36.06	36.20	35.66	+0.24	+0.67%	3.84M	30/05	 
 	Expedia	144.15	145.19	143.77	-0.43	-0.30%	870.12K	30/05	 
 	Expeditors Washington	53.10	53.21	51.96	+0.57	+1.09%	870.69K	30/05	 
 	Express Scripts	59.60	59.94	59.20	-0.16	-0.27%	3.06M	30/05	 
 	Extra Space Storage	77.17	78.42	77.12	-0.83	-1.06%	875.87K	30/05	 
 	Exxon Mobil	81.10	81.34	81.04	-0.45	-0.55%	8.97M	30/05	 
 	F5 Networks	128.00	129.08	126.82	+0.84	+0.66%	489.48K	30/05	 
 	Facebook	152.38	152.90	151.64	+0.25	+0.16%	13.23M	30/05	 
 	Fastenal	43.27	43.68	43.14	-0.20	-0.46%	2.32M	30/05	 
 	Federal Realty Investment	123.82	126.22	123.79	-2.50	-1.98%	524.82K	30/05	 
 	FedEx	193.88	194.98	192.68	-0.38	-0.20%	1.08M	30/05	 
 	Fidelity National Info	85.29	85.39	84.79	+0.01	+0.01%	1.52M	30/05	 
 	Fifth Third	24.05	24.20	23.74	-0.21	-0.87%	4.85M	30/05	 
 	First Solar	39.50	39.92	37.40	+2.66	+7.22%	5.73M	30/05	 
 	FirstEnergy	29.19	29.42	28.79	+0.27	+0.93%	3.15M	30/05	 
 	Fiserv	124.53	124.70	123.69	+0.44	+0.35%	509.13K	30/05	 
 	FLIR Systems	37.77	37.87	37.08	+0.72	+1.94%	850.06K	30/05	 
 	Flowserve	48.30	48.55	47.48	+0.20	+0.42%	747.23K	30/05	 
 	Fluor	45.03	45.31	44.69	+0.05	+0.11%	790.18K	30/05	 
 	FMC	75.00	75.70	74.78	-0.25	-0.33%	549.30K	30/05	 
 	Foot Locker	59.66	60.64	59.26	-0.16	-0.27%	1.90M	30/05	 
 	Ford Motor	11.08	11.12	10.99	+0.15	+1.37%	36.08M	30/05	 
 	Fortive	63.35	63.79	63.03	-0.16	-0.25%	1.78M	30/05	 
 	Fortune Brands	62.89	62.98	62.52	+0.04	+0.06%	398.92K	30/05	 
 	Fox Inc	26.96	27.02	26.77	+0.01	+0.04%	2.25M	30/05	 
 	Franklin Resources	41.61	41.74	41.41	-0.09	-0.22%	2.43M	30/05	 
 	Freeport-McMoran	11.67	11.82	11.57	0.00	0.00%	9.88M	30/05	 
 	Frontier	1.32	1.38	1.31	-0.01	-0.75%	25.65M	30/05	 
 	Gap	22.54	22.81	22.43	+0.12	+0.54%	5.53M	30/05	 
 	Garmin Ltd	52.11	52.57	51.97	-0.29	-0.55%	673.00K	30/05	 
 	General Dynamics	202.01	202.65	200.95	-0.23	-0.11%	921.12K	30/05	 
 	General Electric	27.36	27.45	27.16	-0.09	-0.33%	36.44M	30/05	 
 	General Mills	56.57	57.11	56.26	-0.75	-1.31%	5.51M	30/05	 
 	General Motors	33.53	33.74	33.04	+0.46	+1.39%	13.92M	30/05	 
 	Genuine Parts	92.54	93.58	91.97	-0.74	-0.79%	1.03M	30/05	 
 	GGP	22.20	22.65	22.14	-0.45	-1.99%	6.91M	30/05	 
 	Gilead	64.49	64.77	64.30	-0.01	-0.02%	6.98M	30/05	 
 	Global Payments	91.98	92.26	91.58	+0.13	+0.14%	845.15K	30/05	 
 	Goldman Sachs	218.42	222.44	218.01	-4.36	-1.96%	3.10M	30/05	 
 	H&R Block	26.29	26.40	26.00	+0.18	+0.69%	1.65M	30/05	 
 	Halliburton	45.15	45.43	44.95	-0.61	-1.33%	8.48M	30/05	 
 	Hanesbrands	20.62	20.88	20.60	-0.08	-0.39%	3.47M	30/05	 
 	Harley-Davidson	53.01	53.09	52.12	+0.69	+1.32%	1.51M	30/05	 
 	Harris	110.53	111.28	109.86	-0.03	-0.03%	912.66K	30/05	 
 	Hartford	49.05	49.18	48.85	+0.05	+0.10%	1.33M	30/05	 
 	Hasbro	104.24	104.64	103.71	+0.03	+0.03%	503.57K	30/05	 
 	HCA	81.99	83.25	81.98	-0.71	-0.86%	1.24M	30/05	 
 	HCP	31.22	31.41	31.13	-0.01	-0.03%	1.85M	30/05	 
 	Helmerich&Payne	52.82	53.83	52.75	-0.85	-1.58%	1.78M	30/05	 
 	Henry Schein	182.89	183.19	181.85	+0.21	+0.12%	183.83K	30/05	 
 	Hershey	115.52	115.89	115.05	-0.44	-0.38%	729.96K	30/05	 
 	Hess	46.67	47.60	46.37	-1.47	-3.05%	4.54M	30/05	 
 	Hewlett Packard Enterprise Co	18.85	18.93	18.69	+0.02	+0.11%	17.74M	30/05	 
 	Hologic	43.11	43.51	42.89	-0.24	-0.55%	1.97M	30/05	 
 	Home Depot	153.88	154.56	153.52	-0.13	-0.08%	3.50M	30/05	 
 	Honeywell	132.93	133.22	132.63	-0.32	-0.24%	2.70M	30/05	 
 	Hormel Foods	33.27	33.37	32.90	+0.15	+0.45%	2.77M	30/05	 
 	Host Hotels Resorts	17.85	18.08	17.84	-0.22	-1.22%	3.74M	30/05	 
 	HP Inc	18.94	19.03	18.42	+0.47	+2.54%	16.42M	30/05	 
 	Humana	230.37	233.00	229.92	-1.88	-0.81%	1.02M	30/05	 
 	Huntington Bancshares	12.74	12.86	12.65	-0.12	-0.93%	8.31M	30/05	 
 	IBM	151.73	152.67	151.59	-0.76	-0.50%	3.67M	30/05	 
 	ICE	60.16	60.44	60.06	-0.19	-0.31%	1.98M	30/05	 
 	IDEXX Labs	167.93	168.91	167.31	+0.37	+0.22%	299.46K	30/05	 
 	Illinois Tool Works	141.10	141.42	139.79	+0.73	+0.52%	972.51K	30/05	 
 	Illumina Inc	173.58	176.51	173.02	-2.33	-1.32%	723.98K	30/05	 
 	Incyte	130.49	134.13	129.65	-3.89	-2.89%	1.72M	30/05	 
 	Ingersoll-Rand	89.19	89.39	88.54	-0.16	-0.18%	885.54K	30/05	 
 	Int Flavors & Fragrances	136.99	138.14	136.59	-1.45	-1.05%	458.54K	30/05	 
 	Intel	36.18	36.44	36.09	-0.08	-0.22%	13.03M	30/05	 
 	International Paper	53.28	53.74	52.73	+0.86	+1.64%	2.88M	30/05	 
 	Interpublic of Companies	24.71	24.85	24.63	+0.02	+0.08%	2.76M	30/05	 
 	Intuit	140.05	140.20	138.00	+1.49	+1.08%	2.61M	30/05	 
 	Intuitive Surgical	914.43	915.48	903.10	+4.07	+0.45%	310.10K	30/05	 
 	Invesco	31.62	31.99	31.51	-0.38	-1.19%	1.53M	30/05	 
 	Iron Mountain	35.04	35.39	35.01	-0.13	-0.37%	658.17K	30/05	 
 	J&J	127.11	127.39	126.19	+0.19	+0.15%	3.67M	30/05	 
 	Jacobs Engineering	52.63	52.83	52.27	-0.03	-0.06%	693.11K	30/05	 
 	JB Hunt	85.94	86.32	84.37	+1.40	+1.66%	589.38K	30/05	 
 	JM Smucker	127.77	127.98	127.29	-0.40	-0.31%	511.77K	30/05	 
 	Johnson Controls	41.98	42.08	41.79	-0.05	-0.12%	2.52M	30/05	 
 	JPMorgan	83.90	85.15	83.78	-1.46	-1.71%	12.60M	30/05	 
 	Juniper	29.30	29.43	29.10	+0.08	+0.27%	3.07M	30/05	 
 	Kansas City Southern	96.02	96.82	95.48	+0.07	+0.07%	1.12M	30/05	 
 	Kellogg	71.68	71.94	71.18	-0.42	-0.58%	1.83M	30/05	 
 	KeyCorp	17.83	17.92	17.67	-0.16	-0.89%	6.39M	30/05	 
 	Kimberly-Clark	128.97	129.42	128.39	-0.54	-0.42%	2.56M	30/05	 
 	Kimco	17.49	18.02	17.46	-0.54	-3.00%	6.23M	30/05	 
 	Kinder Morgan	18.42	19.00	18.40	-0.83	-4.31%	20.20M	30/05	 
 	KLA-Tencor	104.54	105.67	104.52	-0.20	-0.19%	1.06M	30/05	 
 	Kohl’s	38.79	39.13	38.61	+0.06	+0.15%	3.30M	30/05	 
 	Kraft Heinz	92.46	93.00	92.19	-0.53	-0.57%	1.95M	30/05	 
 	Kroger	29.76	29.82	29.33	+0.31	+1.05%	7.85M	30/05	 
 	L Brands	51.24	51.29	50.20	+0.73	+1.45%	3.65M	30/05	 
 	L3 Tech	166.14	167.34	165.04	-1.00	-0.60%	802.05K	30/05	 
 	Laboratory of America	138.52	140.53	138.22	-1.58	-1.13%	589.62K	30/05	 
 	Lam Research Corp	156.87	157.77	155.00	+1.75	+1.13%	2.08M	30/05	 
 	Leggett&Platt	51.91	52.24	51.70	-0.17	-0.33%	742.69K	30/05	 
 	Lennar	51.49	51.64	50.93	-0.04	-0.08%	1.62M	30/05	 
 	Leucadia National	24.40	24.54	24.23	-0.22	-0.89%	1.41M	30/05	 
 	Level 3 Communications	59.65	59.85	59.18	+0.18	+0.30%	1.41M	30/05	 
 	Lincoln National	64.87	65.09	64.28	-0.08	-0.12%	1.02M	30/05	 
 	LKQ	31.35	31.61	31.22	-0.20	-0.63%	1.38M	30/05	 
 	Lockheed Martin	280.09	282.84	279.73	-1.74	-0.62%	902.22K	30/05	 
 	Loews	46.88	46.94	46.56	-0.01	-0.03%	762.54K	30/05	 
 	Lowe’s	79.41	80.81	79.28	-1.50	-1.85%	6.94M	30/05	 
 	LyondellBasell Industries	80.56	80.87	80.26	-0.17	-0.21%	2.09M	30/05	 
 	M&T Bank	158.07	159.07	156.47	-1.38	-0.87%	475.71K	30/05	 
 	Macerich	57.55	58.75	57.54	-1.22	-2.08%	1.23M	30/05	 
 	Macy’s Inc	23.60	23.83	23.40	+0.16	+0.68%	6.78M	30/05	 
 	Mallinckrodt	43.67	44.45	43.08	+0.39	+0.90%	3.18M	30/05	 
 	Marathon Oil	13.12	13.43	13.11	-0.40	-2.96%	10.95M	30/05	 
 	Marathon Petroleum	52.42	53.19	52.32	-0.40	-0.76%	4.00M	30/05	 
 	Marriott Int	106.74	107.24	106.41	-0.16	-0.15%	2.13M	30/05	 
 	Marsh&McLennan	77.39	77.56	76.20	+1.02	+1.34%	3.55M	30/05	 
 	Martin Marietta Materials	226.72	228.52	224.67	-0.62	-0.27%	440.40K	30/05	 
 	Masco	36.99	37.08	36.73	-0.01	-0.03%	1.63M	30/05	 
 	Mastercard	121.65	121.79	121.03	+0.02	+0.02%	3.41M	30/05	 
 	Mattel	22.75	22.87	22.53	+0.22	+0.98%	10.60M	30/05	 
 	McCormick&Co	103.72	104.34	103.29	-0.76	-0.73%	306.08K	30/05	 
 	McDonald’s	149.93	150.33	149.52	+0.07	+0.05%	3.11M	30/05	 
 	McKesson	162.11	163.75	160.51	+0.91	+0.56%	1.11M	30/05	 
 	Mead Johnson Nutrition	89.35	89.38	89.27	+0.06	+0.07%	2.04M	30/05	 
 	Medtronic	84.86	85.33	84.50	-0.23	-0.27%	4.13M	30/05	 
 	Merck&Co	64.88	65.14	64.53	-0.04	-0.06%	4.89M	30/05	 
 	MetLife	50.70	50.92	50.46	-0.35	-0.69%	4.12M	30/05	 
 	Mettler-Toledo	579.85	580.21	575.62	+1.45	+0.25%	131.16K	30/05	 
 	Michael Kors	36.27	37.10	36.02	-0.49	-1.33%	3.66M	30/05	 
 	Microchip	82.51	82.86	81.70	+0.81	+0.99%	2.49M	30/05	 
 	Micron	30.70	30.87	29.88	+0.94	+3.16%	34.69M	30/05	 
 	Microsoft	70.41	70.41	69.77	+0.45	+0.64%	17.07M	30/05	 
 	Mid-America Apartment	101.05	101.48	100.84	-0.08	-0.08%	394.93K	30/05	 
 	Mohawk Industries	237.25	237.63	234.78	+1.36	+0.58%	219.68K	30/05	 
 	Molson Coors Brewing	95.28	95.80	94.78	-0.50	-0.52%	1.61M	30/05	 
 	Mondelez	46.36	46.45	46.14	-0.08	-0.17%	5.62M	30/05	 
 	Monsanto	116.85	117.08	116.59	+0.07	+0.06%	908.34K	30/05	 
 	Monster Beverage 1990	50.71	50.93	50.43	-0.19	-0.37%	1.23M	30/05	 
 	Moodys	116.76	117.46	116.52	-0.35	-0.30%	565.48K	30/05	 
 	Morgan Stanley	42.28	42.72	42.05	-0.56	-1.31%	6.38M	30/05	 
 	Mosaic	22.94	23.06	22.85	-0.07	-0.30%	2.21M	30/05	 
 	Motorola	82.83	83.93	82.24	+0.97	+1.18%	1.32M	30/05	 
 	Murphy Oil	24.67	25.13	24.63	-0.64	-2.53%	2.28M	30/05	 
 	Mylan	39.36	39.90	39.19	-0.36	-0.91%	3.49M	30/05	 
 	Nasdaq Inc	67.42	67.71	67.20	-0.16	-0.24%	618.93K	30/05	 
 	National Oilwell Varco	32.60	32.95	32.40	-0.17	-0.52%	2.56M	30/05	 
 	Navient	14.68	14.77	14.34	+0.20	+1.38%	3.54M	30/05	 
 	NetApp	40.47	40.82	40.09	+0.23	+0.57%	3.01M	30/05	 
 	Netflix	163.22	164.75	162.71	+0.79	+0.49%	4.83M	30/05	 
 	Newell Brands	53.34	53.48	53.15	+0.15	+0.28%	3.29M	30/05	 
 	Newfield Exploration	32.64	33.12	32.40	-0.44	-1.33%	3.03M	30/05	 
 	Newmont Mining	33.97	34.11	33.75	-0.14	-0.41%	3.91M	30/05	 
 	News Corp	13.65	13.80	13.55	-0.15	-1.09%	244.70K	30/05	 
 	News Corp A	13.29	13.43	13.14	-0.13	-0.97%	1.47M	30/05	 
 	NextEra Energy	140.65	141.05	140.24	-0.06	-0.04%	2.75M	30/05	 
 	Nielsen Holdings	38.93	39.13	38.49	+0.39	+1.01%	3.55M	30/05	 
 	Nike	52.92	53.02	52.64	+0.33	+0.63%	8.04M	30/05	 
 	NiSource	25.82	25.85	25.50	+0.26	+1.02%	3.32M	30/05	 
 	Noble Energy	28.97	29.28	28.93	-0.48	-1.63%	8.43M	30/05	 
 	Nordstrom	42.44	42.70	42.25	-0.03	-0.07%	1.66M	30/05	 
 	Norfolk Southern	124.13	124.43	121.22	+1.80	+1.47%	3.12M	30/05	 
 	Northern Trust	88.10	89.00	87.22	-0.59	-0.67%	816.18K	30/05	 
 	Northrop Grumman	256.21	257.32	254.95	-0.78	-0.30%	584.56K	30/05	 
 	NRG	16.21	16.47	16.17	-0.26	-1.58%	3.23M	30/05	 
 	Nucor	58.33	58.57	57.79	+0.18	+0.31%	2.03M	30/05	 
 	NVIDIA	144.87	146.29	143.05	+3.03	+2.14%	24.74M	30/05	 
 	O'Reilly	247.63	251.94	245.04	-0.85	-0.34%	1.63M	30/05	 
 	Occidental	60.12	60.75	60.00	-0.88	-1.44%	3.38M	30/05	 
 	Omnicom	83.40	83.77	82.95	+0.14	+0.17%	2.22M	30/05	 
 	ONEOK	49.85	51.35	49.85	-1.84	-3.56%	2.67M	30/05	 
 	Oracle	45.42	45.46	45.11	+0.16	+0.35%	10.77M	30/05	 
 	PACCAR	62.64	62.91	62.39	+0.01	+0.02%	942.75K	30/05	 
 	Pacific Gas&Electric	67.89	68.11	67.12	+0.52	+0.77%	1.96M	30/05	 
 	Parker-Hannifin	159.33	159.64	158.07	+0.07	+0.04%	636.96K	30/05	 
 	Patterson	43.92	44.15	43.63	-0.02	-0.05%	1.25M	30/05	 
 	Paychex	59.11	59.28	58.69	-0.17	-0.29%	1.09M	30/05	 
 	PayPal Holdings Inc	51.06	51.28	50.86	-0.13	-0.25%	5.55M	30/05	 
 	Pentair	66.65	66.81	65.98	+0.40	+0.60%	439.34K	30/05	 
 	People’s United	16.70	16.95	16.60	-0.17	-1.01%	2.31M	30/05	 
 	PepsiCo	118.01	118.12	117.50	+0.10	+0.08%	3.23M	30/05	 
 	PerkinElmer	62.96	62.99	62.62	+0.16	+0.25%	278.36K	30/05	 
 	Perrigo	67.92	69.71	66.71	-2.03	-2.90%	3.19M	30/05	 
 	Pfizer	32.13	32.31	32.02	-0.01	-0.03%	16.05M	30/05	 
 	Philip Morris	119.95	120.19	118.99	+0.12	+0.10%	2.86M	30/05	 
 	Phillips 66	77.00	77.68	76.82	-0.44	-0.57%	1.92M	30/05	 
 	Pinnacle West Capital	87.72	87.78	87.23	+0.32	+0.37%	758.97K	30/05	 
 	Pioneer Natural Resources	165.08	169.02	165.00	-5.16	-3.03%	1.63M	30/05	 
 	PNC Financial	118.86	120.64	118.26	-2.46	-2.03%	2.78M	30/05	 
 	PPG Industries	106.48	107.00	105.88	-0.76	-0.71%	975.12K	30/05	 
 	PPL	39.87	39.94	39.79	+0.01	+0.03%	2.20M	30/05	 
 	Praxair	131.59	131.65	130.99	-0.38	-0.29%	1.72M	30/05	 
 	Priceline.com	1,857.45	1,863.65	1,845.60	-6.45	-0.35%	484.06K	30/05	 
 	Principal	62.52	62.71	62.11	-0.23	-0.37%	672.31K	30/05	 
 	Procter&Gamble	87.40	87.61	87.10	+0.15	+0.17%	4.59M	30/05	 
 	Progressive	42.22	42.33	42.10	-0.08	-0.19%	1.50M	30/05	 
 	ProLogis	55.83	56.15	55.68	+0.04	+0.07%	2.29M	30/05	 
 	Prudential Financial	104.86	105.00	104.28	-0.21	-0.20%	1.07M	30/05	 
 	Public Service Enterprise	44.56	44.67	44.31	+0.13	+0.29%	2.59M	30/05	 
 	Public Storage	214.35	216.82	214.00	-2.04	-0.94%	711.44K	30/05	 
 	PulteGroup	22.67	22.88	22.52	-0.17	-0.74%	3.13M	30/05	 
 	PVH	105.59	107.01	105.03	+0.30	+0.28%	1.42M	30/05	 
 	Qorvo Inc	78.65	79.10	77.44	+0.81	+1.04%	1.88M	30/05	 
 	Qualcomm	57.34	57.74	57.17	-0.18	-0.31%	11.55M	30/05	 
 	Quanta Services	30.75	31.04	30.70	-0.32	-1.03%	1.21M	30/05	 
 	Quest Diagnostics	107.89	108.77	107.75	-0.09	-0.08%	614.98K	30/05	 
 	Ralph Lauren	67.34	67.58	66.06	+1.23	+1.86%	2.30M	30/05	 
 	Range Resources	23.40	23.99	23.39	-0.80	-3.31%	4.72M	30/05	 
 	Raytheon	162.84	163.50	162.37	-0.46	-0.28%	1.05M	30/05	 
 	Realty Income	55.00	55.52	54.95	+0.03	+0.06%	1.45M	30/05	 
 	Red Hat	89.42	89.77	88.17	+0.84	+0.95%	1.37M	30/05	 
 	Regency Centers	60.69	62.21	60.67	-1.31	-2.11%	1.21M	30/05	 
 	Regeneron Pharma	448.67	458.48	448.08	-6.50	-1.43%	865.66K	30/05	 
 	Regions Financial	13.97	14.07	13.83	-0.16	-1.13%	16.15M	30/05	 
 	Republic Services	62.88	63.05	62.71	-0.19	-0.30%	1.59M	30/05	 
 	Reynolds American	66.67	66.79	66.45	-0.31	-0.46%	5.72M	30/05	 
 	Robert Half	46.04	46.17	45.39	+0.14	+0.30%	711.83K	30/05	 
 	Rockwell Automation	159.38	159.85	158.59	+0.10	+0.06%	506.50K	30/05	 
 	Rockwell Collins	107.23	107.58	106.85	-0.07	-0.07%	1.81M	30/05	 
 	Roper Technologies	227.70	228.21	226.02	+0.62	+0.27%	289.90K	30/05	 
 	Ross Stores	63.43	63.74	63.30	-0.09	-0.14%	2.23M	30/05	 
 	Royal Caribbean Cruises	110.43	111.14	110.07	-0.65	-0.59%	1.18M	30/05	 
 	Ryder System	66.20	66.71	65.16	+0.39	+0.59%	358.39K	30/05	 
 	S&P Global	140.81	140.92	139.76	+0.60	+0.43%	635.89K	30/05	 
 	Salesforce.com	90.86	91.07	90.47	+0.03	+0.03%	4.63M	30/05	 
 	Scana	67.67	68.02	67.51	-0.19	-0.28%	1.13M	30/05	 
 	Schlumberger	68.74	69.49	68.65	-0.85	-1.22%	7.26M	30/05	 
 	Scripps Networks	66.82	66.99	66.33	+0.12	+0.18%	1.38M	30/05	 
 	Seagate Technology	43.24	43.55	42.21	+0.71	+1.67%	3.57M	30/05	 
 	Sealed Air	44.68	44.95	44.32	+0.13	+0.29%	2.49M	30/05	 
 	Sempra Energy	115.66	116.57	114.18	+1.18	+1.03%	1.93M	30/05	 
 	Sherwin-Williams	335.36	335.96	334.13	+0.41	+0.12%	454.52K	30/05	 
 	Signet Jewelers	47.88	49.61	47.51	-1.43	-2.90%	4.69M	30/05	 
 	Simon Property	154.98	158.28	154.95	-2.28	-1.45%	1.77M	30/05	 
 	Skyworks	106.36	107.25	105.77	+0.47	+0.44%	753.23K	30/05	 
 	SL Green	101.22	102.40	101.21	-0.62	-0.61%	720.79K	30/05	 
 	Snap-On	159.65	161.10	159.02	-1.06	-0.66%	380.14K	30/05	 
 	Southern	50.57	50.74	50.34	+0.12	+0.24%	3.85M	30/05	 
 	Southwest Airlines	59.48	60.58	59.44	-1.19	-1.96%	3.78M	30/05	 
 	Southwestern Energy	6.35	6.56	6.32	-0.26	-3.93%	20.43M	30/05	 
 	Stanley Black&Decker	136.89	137.14	135.79	+0.10	+0.07%	1.53M	30/05	 
 	Staples	8.96	9.03	8.91	-0.02	-0.22%	2.58M	30/05	 
 	Starbucks	63.26	63.41	63.01	-0.04	-0.06%	7.09M	30/05	 
 	State Street	81.68	81.92	81.40	-0.31	-0.38%	1.26M	30/05	 
 	Stericycle	81.48	82.56	81.33	-0.92	-1.12%	719.71K	30/05	 
 	Stryker	141.98	142.05	140.85	+0.71	+0.50%	779.25K	30/05	 
 	SunTrust Banks	54.03	54.15	53.43	-0.29	-0.53%	2.93M	30/05	 
 	Symantec	30.06	30.85	29.94	+0.45	+1.52%	19.18M	30/05	 
 	Synchrony Financial	27.10	27.46	27.01	-0.27	-0.99%	9.63M	30/05	 
 	Sysco	54.20	54.38	53.95	-0.23	-0.42%	2.12M	30/05	 
 	T Rowe	69.78	70.05	69.38	+0.08	+0.11%	1.35M	30/05	 
 	Target	54.94	55.11	54.36	+0.54	+0.99%	5.76M	30/05	 
 	TE Connectivity	79.01	79.15	77.50	+1.00	+1.28%	2.50M	30/05	 
 	TechnipFMC	28.68	29.02	28.68	-0.39	-1.34%	2.87M	30/05	 
 	Tegna Inc	23.9000	24.3600	23.9000	-0.1700	-0.71%	5.57M	30/05	 
 	Teradata	28.15	28.66	28.06	-0.45	-1.57%	956.66K	30/05	 
 	Tesoro	84.00	84.91	83.08	+0.54	+0.65%	2.41M	30/05	 
 	Texas Instruments	81.97	82.20	81.00	+0.85	+1.05%	3.26M	30/05	 
 	Textron	47.99	48.34	47.83	-0.17	-0.35%	1.63M	30/05	 
 	The AES	11.70	11.79	11.68	-0.09	-0.76%	2.88M	30/05	 
 	The Charles Schwab	38.66	39.34	38.62	-0.86	-2.18%	7.10M	30/05	 
 	The Goodyear Tire&Rubber	32.09	32.84	32.05	-0.51	-1.56%	2.38M	30/05	 
 	The Travelers	123.73	124.23	123.16	+0.07	+0.06%	1.14M	30/05	 
 	Thermo Fisher Scientific	173.25	173.58	172.42	-0.17	-0.10%	1.11M	30/05	 
 	Tiffany&Co	85.93	86.89	85.63	-0.25	-0.29%	2.18M	30/05	 
 	Time Warner	98.94	99.29	98.72	-0.13	-0.13%	3.52M	30/05	 
 	TJX	74.85	75.70	74.76	-0.68	-0.90%	3.47M	30/05	 
 	Torchmark	75.27	75.43	74.79	+0.04	+0.05%	247.66K	30/05	 
 	Total System Services	59.35	59.67	59.04	-0.23	-0.39%	871.93K	30/05	 
 	Tractor Supply	54.82	55.30	54.54	-0.06	-0.11%	2.64M	30/05	 
 	Transdigm	266.39	266.60	263.03	+1.98	+0.75%	592.98K	30/05	 
 	Transocean	9.26	9.70	9.25	-0.30	-3.14%	13.04M	30/05	 
 	TripAdvisor	39.06	39.23	38.66	-0.01	-0.03%	3.33M	30/05	 
 	Twenty-First Century Fox A	27.05	27.12	26.84	+0.02	+0.07%	5.53M	30/05	 
 	Tyson Foods	57.94	58.27	57.51	-0.17	-0.30%	2.12M	30/05	 
 	Ulta Beauty	303.00	306.87	302.00	+0.60	+0.20%	807.14K	30/05	 
 	Under Armour A	19.56	20.02	19.52	-0.13	-0.66%	2.56M	30/05	 
 	Under Armour C	18.010	18.370	17.910	-0.060	-0.33%	2.48M	30/05	 
 	Union Pacific	110.81	111.04	109.80	+0.24	+0.22%	2.96M	30/05	 
 	United Continental	79.25	80.95	79.01	-2.00	-2.46%	3.43M	30/05	 
 	United Dominion	38.34	38.54	38.23	+0.01	+0.03%	896.33K	30/05	 
 	United Parcel Service	106.81	107.41	105.27	+0.94	+0.89%	2.40M	30/05	 
 	United Rentals	110.65	112.07	109.97	-0.52	-0.47%	1.12M	30/05	 
 	United Technologies	121.27	121.93	121.14	-0.58	-0.48%	2.67M	30/05	 
 	UnitedHealth	176.59	178.08	176.24	-0.91	-0.51%	2.29M	30/05	 
 	Universal Health Services	115.13	116.23	115.10	-0.84	-0.72%	537.20K	30/05	 
 	Unum	45.01	45.19	44.76	-0.04	-0.09%	1.41M	30/05	 
 	Urban Outfitters	19.01	19.24	18.92	-0.06	-0.31%	1.96M	30/05	 
 	US Bancorp	51.10	51.24	50.80	-0.34	-0.66%	5.92M	30/05	 
 	Valero Energy	62.09	62.79	60.69	-0.36	-0.58%	6.57M	30/05	 
 	Varian	98.78	98.85	97.37	+0.91	+0.93%	742.51K	30/05	 
 	Ventas	66.54	66.87	66.21	-0.04	-0.06%	1.11M	30/05	 
 	VeriSign	90.64	90.81	89.92	+0.50	+0.55%	939.87K	30/05	 
 	Verisk	81.05	81.24	80.09	+0.50	+0.62%	765.46K	30/05	 
 	Verizon	46.20	46.33	45.26	+0.88	+1.94%	16.44M	30/05	 
 	Vertex Pharmaceuticals	120.39	120.99	119.19	+0.47	+0.39%	1.63M	30/05	 
 	VF	53.78	54.22	53.62	+0.07	+0.13%	2.42M	30/05	 
 	Viacom B	35.05	35.20	34.60	-0.08	-0.23%	3.54M	30/05	 
 	Visa	94.72	94.88	94.34	+0.05	+0.05%	6.29M	30/05	 
 	Vornado	92.15	93.11	92.05	-0.37	-0.40%	675.46K	30/05	 
 	Vulcan Materials	125.05	125.97	124.29	-1.38	-1.09%	897.42K	30/05	 
 	Wal-Mart Stores	78.15	78.40	77.93	+0.02	+0.03%	5.41M	30/05	 
 	Walgreens Boots Alliance	80.16	81.11	80.13	-1.09	-1.34%	4.08M	30/05	 
 	Walt Disney	108.34	108.60	107.95	-0.07	-0.06%	4.81M	30/05	 
 	Waste Management	72.14	72.25	71.62	+0.30	+0.42%	1.37M	30/05	 
 	Waters	178.56	178.95	177.63	+0.49	+0.28%	418.91K	30/05	 
 	WEC Energy	62.57	62.71	62.34	+0.12	+0.19%	1.27M	30/05	 
 	Wells Fargo&Co	52.16	52.50	51.90	-0.25	-0.48%	19.38M	30/05	 
 	Welltower Inc	72.50	72.97	72.34	-0.03	-0.04%	1.25M	30/05	 
 	Western Digital	91.29	92.27	89.84	+1.28	+1.42%	3.35M	30/05	 
 	Western Union	19.18	19.21	18.93	+0.11	+0.58%	3.45M	30/05	 
 	WestRock Co	55.05	55.38	54.77	-0.10	-0.18%	1.20M	30/05	 
 	Weyerhaeuser	33.14	33.41	32.86	+0.13	+0.39%	4.45M	30/05	 
 	Whirlpool	183.20	183.88	178.74	+4.07	+2.27%	761.86K	30/05	 
 	Whole Foods Market	34.87	35.04	34.64	-0.25	-0.71%	4.56M	30/05	 
 	Williams	28.69	29.56	28.65	-1.00	-3.37%	7.47M	30/05	 
 	Willis Towers Watson	145.04	145.33	141.67	+0.04	+0.03%	797.76K	30/05	 
 	WW Grainger	171.97	174.32	171.63	-1.61	-0.93%	762.24K	30/05	 
 	Wyndham	100.00	100.33	99.45	+0.37	+0.37%	1.32M	30/05	 
 	Wynn Resorts	126.58	127.59	125.36	+0.85	+0.68%	1.62M	30/05	 
 	Xcel Energy	47.58	47.62	47.21	+0.28	+0.59%	1.74M	30/05	 
 	Xerox	7.08	7.21	6.97	+0.08	+1.14%	6.76M	30/05	 
 	Xilinx	65.72	66.02	65.21	-0.13	-0.20%	3.22M	30/05	 
 	XL Group	43.40	43.59	43.07	+0.10	+0.23%	1.51M	30/05	 
 	Xylem	51.79	52.00	51.29	+0.38	+0.74%	802.05K	30/05	 
 	Yahoo!	50.56	50.94	50.50	-0.11	-0.22%	8.40M	30/05	 
 	Yum! Brands	72.41	72.46	71.96	+0.32	+0.44%	3.45M	30/05	 
 	Zimmer Biomet	118.43	119.05	118.02	-0.80	-0.67%	520.73K	30/05	 
 	Zions	39.87	40.32	39.60	-0.58	-1.43%	3.26M	30/05	 
 	Zoetis Inc	62.26	62.70	61.86	-0.35	-0.56%	2.88M	30/05	 